Genero,Idade,NivelDeEnsino,RegiaoOndeMora,CorEtnia,CientistaDados,EngenheiroDados,AnalistaDados,profissao
Masculino,35,Pós-graduação,Sudeste,Branca,0,1,0,Engenheiro de Dados
Masculino,39,Graduação/Bacharelado,Sudeste,Branca,1,1,1,Cientista de Dados
Masculino,36,Pós-graduação,Centro-oeste,Branca,1,1,1,Cientista de Dados
Feminino,35,Mestrado,Sudeste,Branca,1,1,1,Cientista de Dados
Masculino,31,Pós-graduação,Sudeste,Branca,1,1,1,Cientista de Dados
Feminino,44,Doutorado ou Phd,Sudeste,Branca,0,0,1,Analista de Dados
Feminino,36,Pós-graduação,Sudeste,Parda,0,0,1,Analista de Dados
Masculino,36,Pós-graduação,Sudeste,Parda,1,1,0,Cientista de Dados
Feminino,23,Estudante de Graduação,Sudeste,Branca,1,0,1,Cientista de Dados
Masculino,27,Graduação/Bacharelado,Sudeste,Branca,1,1,1,Cientista de Dados
Masculino,30,Mestrado,Sul,Branca,1,1,1,Cientista de Dados
Feminino,29,Pós-graduação,Sudeste,Branca,0,1,1,Engenheiro de Dados
Masculino,27,Pós-graduação,Sudeste,Branca,0,1,0,Engenheiro de Dados
Masculino,49,Graduação/Bacharelado,Sudeste,Branca,1,1,1,Cientista de Dados
Masculino,30,Mestrado,Sudeste,Branca,0,1,1,Engenheiro de Dados
Feminino,29,Mestrado,Sul,Branca,0,1,1,Engenheiro de Dados
Masculino,33,Pós-graduação,Sudeste,Branca,0,1,1,Engenheiro de Dados
Masculino,50,Pós-graduação,Sudeste,Branca,1,1,1,Cientista de Dados
Masculino,28,Não tenho graduação formal,Sudeste,Branca,1,1,1,Cientista de Dados
Masculino,29,Mestrado,Sudeste,Preta,1,0,0,Cientista de Dados
Feminino,27,Pós-graduação,Sul,Parda,1,1,1,Cientista de Dados
Masculino,42,Graduação/Bacharelado,Sudeste,Parda,1,1,1,Cientista de Dados
Masculino,41,Pós-graduação,Sudeste,Branca,0,1,1,Engenheiro de Dados
Masculino,45,Mestrado,,Preta,1,1,1,Cientista de Dados
Feminino,31,Pós-graduação,Sudeste,Branca,1,1,1,Cientista de Dados
Masculino,36,Mestrado,Sudeste,Branca,1,1,0,Cientista de Dados
Masculino,40,Mestrado,Sudeste,Branca,1,1,0,Cientista de Dados
Masculino,36,Pós-graduação,Sul,Branca,1,1,1,Cientista de Dados
Masculino,45,Pós-graduação,Centro-oeste,Amarela,0,0,1,Analista de Dados
Feminino,48,Graduação/Bacharelado,Sudeste,Branca,0,0,1,Analista de Dados
Masculino,48,Graduação/Bacharelado,Sudeste,Parda,0,1,1,Engenheiro de Dados
Masculino,55,Doutorado ou Phd,Sudeste,Amarela,1,1,1,Cientista de Dados
Masculino,28,Pós-graduação,Sul,Branca,0,1,1,Engenheiro de Dados
Masculino,32,Pós-graduação,Sudeste,Outra,1,1,1,Cientista de Dados
Masculino,31,Pós-graduação,Sudeste,Branca,1,1,1,Cientista de Dados
Feminino,31,Pós-graduação,Sudeste,Parda,0,1,1,Engenheiro de Dados
Masculino,29,Estudante de Graduação,Sudeste,Branca,1,1,1,Cientista de Dados
Masculino,32,Doutorado ou Phd,Sudeste,Parda,1,1,0,Cientista de Dados
Masculino,27,Graduação/Bacharelado,Sudeste,Branca,1,1,0,Cientista de Dados
Masculino,29,Graduação/Bacharelado,Sudeste,Branca,1,1,0,Cientista de Dados
Masculino,37,Pós-graduação,Sudeste,Branca,1,1,0,Cientista de Dados
Masculino,31,Graduação/Bacharelado,Sudeste,Branca,1,1,1,Cientista de Dados
Masculino,37,Pós-graduação,Sudeste,Branca,1,1,0,Cientista de Dados
Masculino,34,Mestrado,Sudeste,Branca,1,1,1,Cientista de Dados
Masculino,39,Mestrado,Sudeste,Amarela,1,1,1,Cientista de Dados
Masculino,31,Pós-graduação,Sul,Parda,0,1,0,Engenheiro de Dados
Masculino,33,Pós-graduação,Sudeste,Branca,1,1,1,Cientista de Dados
Masculino,39,Pós-graduação,Nordeste,Parda,1,1,1,Cientista de Dados
Masculino,47,Pós-graduação,Centro-oeste,Branca,0,1,0,Engenheiro de Dados
Masculino,48,Pós-graduação,Nordeste,Preta,1,0,1,Cientista de Dados
Feminino,30,Pós-graduação,Sudeste,Parda,1,1,0,Cientista de Dados
Masculino,42,Pós-graduação,Sudeste,Branca,1,0,1,Cientista de Dados
Feminino,30,Graduação/Bacharelado,Sudeste,Branca,1,1,1,Cientista de Dados
Masculino,28,Mestrado,Sudeste,Branca,1,1,0,Cientista de Dados
Masculino,35,Mestrado,Nordeste,Branca,0,0,1,Analista de Dados
Masculino,38,Pós-graduação,Sudeste,Amarela,0,1,1,Engenheiro de Dados
Masculino,29,Mestrado,Centro-oeste,Branca,1,1,1,Cientista de Dados
Feminino,47,Pós-graduação,Nordeste,Parda,0,1,0,Engenheiro de Dados
Masculino,27,Graduação/Bacharelado,Sudeste,Branca,1,1,1,Cientista de Dados
Feminino,40,Pós-graduação,Sul,Branca,0,0,1,Analista de Dados
Masculino,32,Pós-graduação,Sudeste,Branca,1,1,1,Cientista de Dados
Masculino,30,Pós-graduação,Centro-oeste,Parda,1,1,1,Cientista de Dados
Masculino,36,Pós-graduação,Sudeste,Parda,0,1,0,Engenheiro de Dados
Masculino,32,Mestrado,Sudeste,Branca,1,0,1,Cientista de Dados
Masculino,51,Pós-graduação,Sudeste,Branca,0,1,1,Engenheiro de Dados
Masculino,42,Pós-graduação,Sudeste,Branca,0,1,1,Engenheiro de Dados
Masculino,37,Pós-graduação,Sudeste,Branca,1,1,1,Cientista de Dados
Masculino,32,Pós-graduação,Sudeste,Branca,0,1,1,Engenheiro de Dados
Masculino,38,Pós-graduação,,Branca,0,1,1,Engenheiro de Dados
Masculino,27,Pós-graduação,Sudeste,Branca,1,1,1,Cientista de Dados
Masculino,40,Não tenho graduação formal,Sudeste,Branca,0,0,1,Analista de Dados
Masculino,27,Graduação/Bacharelado,Sudeste,Branca,0,1,1,Engenheiro de Dados
Feminino,41,Graduação/Bacharelado,Centro-oeste,Branca,1,0,1,Cientista de Dados
Masculino,34,Mestrado,Sudeste,Parda,1,0,0,Cientista de Dados
Feminino,42,Mestrado,Sudeste,Branca,1,0,0,Cientista de Dados
Masculino,46,Pós-graduação,Sudeste,Amarela,1,1,0,Cientista de Dados
Masculino,36,Pós-graduação,Sudeste,Amarela,1,0,1,Cientista de Dados
Feminino,33,Pós-graduação,Sudeste,Parda,1,1,1,Cientista de Dados
Masculino,37,Pós-graduação,Sudeste,Branca,1,1,1,Cientista de Dados
Masculino,26,Pós-graduação,Sul,Branca,0,1,1,Engenheiro de Dados
Masculino,32,Pós-graduação,Nordeste,Parda,1,1,1,Cientista de Dados
Masculino,41,Pós-graduação,Centro-oeste,Branca,1,1,1,Cientista de Dados
Masculino,29,Graduação/Bacharelado,Sudeste,Branca,1,0,0,Cientista de Dados
Masculino,34,Pós-graduação,Sudeste,Parda,1,1,0,Cientista de Dados
Masculino,34,Graduação/Bacharelado,Sudeste,Branca,1,1,1,Cientista de Dados
Masculino,27,Graduação/Bacharelado,Sudeste,Branca,0,1,1,Engenheiro de Dados
Masculino,43,Graduação/Bacharelado,Sudeste,Parda,0,0,1,Analista de Dados
Masculino,40,Graduação/Bacharelado,Sul,Branca,1,1,0,Cientista de Dados
Masculino,34,Graduação/Bacharelado,Sudeste,Branca,1,1,1,Cientista de Dados
Masculino,33,Pós-graduação,Sul,Parda,1,1,0,Cientista de Dados
Masculino,37,Pós-graduação,Sudeste,Branca,1,1,0,Cientista de Dados
Masculino,48,Mestrado,Sudeste,Parda,1,0,1,Cientista de Dados
Feminino,31,Mestrado,Sudeste,Branca,1,1,0,Cientista de Dados
Masculino,36,Graduação/Bacharelado,Sudeste,Parda,1,1,1,Cientista de Dados
Masculino,35,Graduação/Bacharelado,Sudeste,Branca,0,0,1,Analista de Dados
Masculino,27,Graduação/Bacharelado,Sudeste,Parda,1,0,0,Cientista de Dados
Masculino,48,Pós-graduação,Sudeste,Branca,1,1,1,Cientista de Dados
Masculino,27,Pós-graduação,Sul,Branca,1,1,1,Cientista de Dados
Masculino,32,Graduação/Bacharelado,Sudeste,Branca,1,1,1,Cientista de Dados
Masculino,42,Pós-graduação,Sudeste,Branca,1,0,0,Cientista de Dados
Masculino,33,Doutorado ou Phd,Sudeste,Branca,1,0,1,Cientista de Dados
Masculino,31,Pós-graduação,Sudeste,Branca,1,1,1,Cientista de Dados
Feminino,35,Pós-graduação,Sudeste,Branca,1,1,1,Cientista de Dados
Masculino,44,Pós-graduação,Sul,Branca,1,1,0,Cientista de Dados
Feminino,26,Graduação/Bacharelado,Sudeste,Branca,1,1,1,Cientista de Dados
Masculino,47,Pós-graduação,Sudeste,Parda,1,1,1,Cientista de Dados
Masculino,33,Graduação/Bacharelado,Sudeste,Amarela,0,0,1,Analista de Dados
Feminino,30,Pós-graduação,Sudeste,Branca,1,1,1,Cientista de Dados
Masculino,28,Não tenho graduação formal,Sudeste,Amarela,0,1,1,Engenheiro de Dados
Feminino,31,Mestrado,Sudeste,Branca,1,0,1,Cientista de Dados
Masculino,36,Graduação/Bacharelado,Sul,Parda,1,1,1,Cientista de Dados
Masculino,38,Mestrado,Sudeste,Branca,1,1,0,Cientista de Dados
Feminino,53,Pós-graduação,Sudeste,Amarela,1,1,1,Cientista de Dados
Feminino,47,Pós-graduação,Nordeste,Parda,1,1,0,Cientista de Dados
Masculino,60,Mestrado,Sudeste,Branca,1,0,1,Cientista de Dados
Masculino,37,Mestrado,Sudeste,Branca,1,1,0,Cientista de Dados
Masculino,41,Pós-graduação,Sudeste,Branca,1,1,1,Cientista de Dados
Masculino,34,Graduação/Bacharelado,Sudeste,Parda,0,0,1,Analista de Dados
Masculino,31,Pós-graduação,Sudeste,Branca,0,0,1,Analista de Dados
Masculino,43,Pós-graduação,Nordeste,Parda,0,1,1,Engenheiro de Dados
Masculino,38,Pós-graduação,Sudeste,Parda,1,1,1,Cientista de Dados
Masculino,31,Mestrado,,Branca,1,1,1,Cientista de Dados
Feminino,34,Pós-graduação,Sudeste,Branca,1,1,1,Cientista de Dados
Masculino,50,Pós-graduação,Nordeste,Branca,1,0,1,Cientista de Dados
Masculino,43,Doutorado ou Phd,Sudeste,Branca,1,1,0,Cientista de Dados
Masculino,40,Pós-graduação,Sul,Branca,0,1,1,Engenheiro de Dados
Masculino,26,Mestrado,Norte,Branca,1,1,0,Cientista de Dados
Masculino,33,Pós-graduação,Sudeste,Preta,0,1,0,Engenheiro de Dados
Feminino,25,Pós-graduação,Sudeste,Preta,1,1,1,Cientista de Dados
Masculino,30,Pós-graduação,Sudeste,Parda,1,1,1,Cientista de Dados
Masculino,42,Pós-graduação,Sudeste,Preta,0,0,1,Analista de Dados
Masculino,32,Graduação/Bacharelado,Sudeste,Branca,0,1,0,Engenheiro de Dados
Masculino,34,Mestrado,Sudeste,Branca,1,1,0,Cientista de Dados
Masculino,48,Graduação/Bacharelado,Sudeste,Preta,1,1,1,Cientista de Dados
Masculino,36,Mestrado,Sul,Branca,1,1,1,Cientista de Dados
Masculino,28,Graduação/Bacharelado,Sudeste,Branca,1,1,1,Cientista de Dados
Feminino,30,Mestrado,Sudeste,Branca,1,1,1,Cientista de Dados
Feminino,34,Estudante de Graduação,,Branca,0,0,1,Analista de Dados
Masculino,31,Pós-graduação,Sudeste,Branca,1,1,1,Cientista de Dados
Feminino,25,Pós-graduação,Sudeste,Branca,1,1,1,Cientista de Dados
Masculino,28,Pós-graduação,Sul,Branca,1,1,0,Cientista de Dados
Masculino,34,Graduação/Bacharelado,,Branca,0,1,1,Engenheiro de Dados
Masculino,34,Pós-graduação,Sul,Branca,1,1,1,Cientista de Dados
Masculino,51,Pós-graduação,Sudeste,Branca,1,0,0,Cientista de Dados
Masculino,31,Mestrado,Sudeste,Branca,1,1,1,Cientista de Dados
Masculino,36,Pós-graduação,Sudeste,Branca,1,1,1,Cientista de Dados
Masculino,37,Pós-graduação,Sudeste,Branca,1,1,1,Cientista de Dados
Masculino,41,Mestrado,Nordeste,Branca,1,1,1,Cientista de Dados
Masculino,60,Mestrado,,Branca,0,0,1,Analista de Dados
Masculino,28,Pós-graduação,Sudeste,Preta,1,1,1,Cientista de Dados
Masculino,42,Pós-graduação,Nordeste,Branca,1,1,0,Cientista de Dados
Masculino,33,Pós-graduação,Sudeste,Branca,1,1,1,Cientista de Dados
Masculino,37,Mestrado,Sudeste,Branca,1,1,0,Cientista de Dados
Masculino,53,Pós-graduação,Sudeste,Parda,1,1,0,Cientista de Dados
Feminino,37,Pós-graduação,Sul,Branca,1,1,1,Cientista de Dados
Masculino,33,Graduação/Bacharelado,Sudeste,Amarela,0,1,0,Engenheiro de Dados
Masculino,32,Mestrado,Sul,Branca,0,0,1,Analista de Dados
Masculino,35,Mestrado,,Branca,1,1,1,Cientista de Dados
Masculino,40,Pós-graduação,Sudeste,Branca,1,1,0,Cientista de Dados
Masculino,36,Pós-graduação,Sudeste,Branca,1,1,1,Cientista de Dados
Masculino,31,Graduação/Bacharelado,Sudeste,Branca,0,1,0,Engenheiro de Dados
Masculino,28,Pós-graduação,Sul,Parda,1,1,1,Cientista de Dados
Masculino,38,Pós-graduação,Sudeste,Branca,1,1,1,Cientista de Dados
Masculino,24,Graduação/Bacharelado,Centro-oeste,Parda,0,0,1,Analista de Dados
Feminino,32,Mestrado,Centro-oeste,Parda,1,1,1,Cientista de Dados
Masculino,30,Pós-graduação,Sudeste,Preta,1,1,0,Cientista de Dados
Masculino,41,Pós-graduação,Sudeste,Branca,1,1,1,Cientista de Dados
Masculino,32,Graduação/Bacharelado,Sudeste,Branca,1,1,1,Cientista de Dados
Masculino,48,Pós-graduação,Sudeste,Parda,0,0,1,Analista de Dados
Masculino,33,Pós-graduação,Sudeste,Branca,1,1,0,Cientista de Dados
Masculino,40,Graduação/Bacharelado,Sudeste,Parda,1,1,1,Cientista de Dados
Masculino,28,Graduação/Bacharelado,Nordeste,Preta,0,0,1,Analista de Dados
Masculino,38,Mestrado,Sul,Amarela,1,1,1,Cientista de Dados
Feminino,27,Graduação/Bacharelado,Sudeste,Branca,1,1,1,Cientista de Dados
Masculino,36,Pós-graduação,Sudeste,Branca,0,0,1,Analista de Dados
Masculino,35,Pós-graduação,Sudeste,Branca,0,0,1,Analista de Dados
Masculino,36,Pós-graduação,,Preta,1,1,1,Cientista de Dados
Feminino,36,Pós-graduação,Sudeste,Branca,0,0,1,Analista de Dados
Feminino,34,Pós-graduação,Sudeste,Preta,1,1,1,Cientista de Dados
Feminino,41,Graduação/Bacharelado,Sul,Preta,1,1,1,Cientista de Dados
Masculino,36,Pós-graduação,Sudeste,Branca,1,1,1,Cientista de Dados
Masculino,36,Graduação/Bacharelado,Sul,Branca,1,1,1,Cientista de Dados
Masculino,50,Doutorado ou Phd,Nordeste,Parda,1,0,1,Cientista de Dados
Feminino,31,Doutorado ou Phd,Nordeste,Branca,1,1,0,Cientista de Dados
Feminino,33,Pós-graduação,Sudeste,Branca,1,1,1,Cientista de Dados
Masculino,34,Pós-graduação,Sudeste,Branca,1,1,1,Cientista de Dados
Masculino,38,Pós-graduação,Sudeste,Amarela,1,1,1,Cientista de Dados
Masculino,35,Não tenho graduação formal,Sudeste,Branca,1,1,1,Cientista de Dados
Feminino,30,Graduação/Bacharelado,Sudeste,Branca,1,1,0,Cientista de Dados
Masculino,35,Pós-graduação,Nordeste,Parda,0,0,1,Analista de Dados
Feminino,31,Pós-graduação,Sudeste,Branca,1,1,1,Cientista de Dados
Feminino,44,Pós-graduação,Sudeste,Branca,1,1,0,Cientista de Dados
Feminino,32,Pós-graduação,Sul,Branca,1,1,1,Cientista de Dados
Feminino,31,Pós-graduação,Sudeste,Branca,1,1,1,Cientista de Dados
Feminino,34,Pós-graduação,Sudeste,Branca,1,1,1,Cientista de Dados
Masculino,29,Pós-graduação,Sudeste,Parda,1,1,0,Cientista de Dados
Masculino,18,Estudante de Graduação,Sudeste,Branca,0,0,1,Analista de Dados
Masculino,49,Pós-graduação,Sul,Branca,0,1,0,Engenheiro de Dados
Masculino,27,Pós-graduação,Sudeste,Branca,0,1,1,Engenheiro de Dados
Masculino,35,Doutorado ou Phd,Sudeste,Branca,0,1,0,Engenheiro de Dados
Masculino,36,Mestrado,Sudeste,Amarela,1,0,1,Cientista de Dados
Feminino,43,Pós-graduação,Sudeste,Branca,0,1,0,Engenheiro de Dados
Masculino,29,Pós-graduação,Sul,Parda,1,1,1,Cientista de Dados
Masculino,29,Graduação/Bacharelado,Centro-oeste,Parda,1,1,1,Cientista de Dados
Masculino,32,Pós-graduação,Sudeste,Branca,1,1,1,Cientista de Dados
Feminino,50,Pós-graduação,Sudeste,Branca,0,1,1,Engenheiro de Dados
Masculino,32,Pós-graduação,,Branca,1,1,1,Cientista de Dados
Masculino,36,Pós-graduação,Sudeste,Preta,0,0,1,Analista de Dados
Masculino,43,Pós-graduação,Sudeste,Branca,0,1,1,Engenheiro de Dados
Masculino,35,Pós-graduação,Sudeste,Branca,1,0,0,Cientista de Dados
Masculino,32,Pós-graduação,Sudeste,Branca,1,1,1,Cientista de Dados
Masculino,43,Pós-graduação,Sudeste,Amarela,0,0,1,Analista de Dados
Masculino,31,Mestrado,Nordeste,Parda,1,1,1,Cientista de Dados
Masculino,29,Mestrado,Sudeste,Branca,1,0,1,Cientista de Dados
Masculino,29,Pós-graduação,Sudeste,Branca,1,1,1,Cientista de Dados
Masculino,32,Doutorado ou Phd,Sul,Branca,1,1,1,Cientista de Dados
Feminino,35,Pós-graduação,Sudeste,Branca,0,1,1,Engenheiro de Dados
Masculino,41,Mestrado,Sudeste,Branca,0,0,1,Analista de Dados
Masculino,42,Pós-graduação,Sul,Branca,1,1,1,Cientista de Dados
Feminino,33,Mestrado,Sudeste,Preta,1,1,1,Cientista de Dados
Feminino,27,Pós-graduação,Sudeste,Parda,1,1,1,Cientista de Dados
Masculino,34,Mestrado,Sul,Branca,1,0,0,Cientista de Dados
Feminino,48,Doutorado ou Phd,Centro-oeste,Parda,1,0,1,Cientista de Dados
Feminino,36,Graduação/Bacharelado,Sudeste,Preta,0,0,1,Analista de Dados
Masculino,27,Estudante de Graduação,Sudeste,Branca,1,1,1,Cientista de Dados
Masculino,33,Graduação/Bacharelado,Sudeste,Branca,1,0,0,Cientista de Dados
Masculino,37,Pós-graduação,Sudeste,Branca,0,1,1,Engenheiro de Dados
Feminino,33,Pós-graduação,Sudeste,Branca,1,1,1,Cientista de Dados
Masculino,36,Doutorado ou Phd,Sudeste,Branca,1,0,0,Cientista de Dados
Masculino,27,Pós-graduação,Sul,Parda,1,1,1,Cientista de Dados
Feminino,30,Pós-graduação,Sudeste,Branca,0,0,1,Analista de Dados
Feminino,42,Mestrado,Sudeste,Branca,1,1,1,Cientista de Dados
Feminino,32,Graduação/Bacharelado,Sul,Branca,1,1,1,Cientista de Dados
Masculino,29,Mestrado,Sul,Parda,0,1,1,Engenheiro de Dados
Masculino,38,Não tenho graduação formal,Sudeste,Branca,0,0,1,Analista de Dados
Feminino,24,Graduação/Bacharelado,Sudeste,Branca,0,1,0,Engenheiro de Dados
Feminino,28,Pós-graduação,Sudeste,Branca,1,0,1,Cientista de Dados
Feminino,34,Mestrado,Sudeste,Parda,1,1,1,Cientista de Dados
Masculino,43,Pós-graduação,Sul,Branca,1,1,0,Cientista de Dados
Masculino,26,Graduação/Bacharelado,Sul,Branca,0,0,1,Analista de Dados
Masculino,32,Mestrado,Sudeste,Parda,0,0,1,Analista de Dados
Masculino,47,Pós-graduação,Sudeste,Branca,1,1,1,Cientista de Dados
Feminino,31,Mestrado,Sudeste,Branca,1,1,1,Cientista de Dados
Masculino,32,Doutorado ou Phd,Sudeste,Branca,1,0,0,Cientista de Dados
Masculino,29,Estudante de Graduação,Nordeste,Parda,0,0,1,Analista de Dados
Masculino,31,Pós-graduação,Sudeste,Branca,0,0,1,Analista de Dados
Masculino,46,Pós-graduação,Norte,Parda,0,1,1,Engenheiro de Dados
Masculino,34,Graduação/Bacharelado,Sudeste,Branca,1,1,1,Cientista de Dados
Masculino,37,Pós-graduação,Sudeste,Branca,0,1,0,Engenheiro de Dados
Masculino,30,Graduação/Bacharelado,Sudeste,Branca,0,0,1,Analista de Dados
Masculino,35,Mestrado,Sudeste,Branca,1,0,1,Cientista de Dados
Masculino,38,Pós-graduação,Sul,Branca,1,1,0,Cientista de Dados
Masculino,32,Pós-graduação,Sul,Amarela,0,0,1,Analista de Dados
Masculino,29,Doutorado ou Phd,Sul,Branca,1,1,0,Cientista de Dados
Masculino,28,Pós-graduação,Sudeste,Branca,1,1,1,Cientista de Dados
Masculino,34,Doutorado ou Phd,Sudeste,Branca,1,1,1,Cientista de Dados
Masculino,31,Doutorado ou Phd,Centro-oeste,Parda,1,1,1,Cientista de Dados
Masculino,33,Mestrado,Sudeste,Branca,1,1,0,Cientista de Dados
Masculino,32,Graduação/Bacharelado,Sudeste,Parda,1,1,1,Cientista de Dados
Feminino,34,Doutorado ou Phd,Sudeste,Branca,1,1,1,Cientista de Dados
Masculino,50,Pós-graduação,Centro-oeste,Branca,1,1,0,Cientista de Dados
Masculino,54,Mestrado,Nordeste,Branca,1,1,1,Cientista de Dados
Masculino,27,Graduação/Bacharelado,Sudeste,Branca,1,1,0,Cientista de Dados
Masculino,37,Doutorado ou Phd,Centro-oeste,Branca,1,1,1,Cientista de Dados
Masculino,31,Pós-graduação,Centro-oeste,Parda,1,1,0,Cientista de Dados
Masculino,21,Estudante de Graduação,Sudeste,Branca,0,0,1,Analista de Dados
Masculino,34,Graduação/Bacharelado,Nordeste,Parda,1,0,1,Cientista de Dados
Masculino,30,Graduação/Bacharelado,Sudeste,Branca,0,1,1,Engenheiro de Dados
Feminino,39,Pós-graduação,Sudeste,Branca,1,1,1,Cientista de Dados
Masculino,41,Graduação/Bacharelado,Sudeste,Branca,0,0,1,Analista de Dados
Masculino,41,Pós-graduação,Sudeste,Branca,1,1,1,Cientista de Dados
Feminino,22,Estudante de Graduação,Sudeste,Branca,0,0,1,Analista de Dados
Masculino,28,Graduação/Bacharelado,Sudeste,Branca,1,1,0,Cientista de Dados
Masculino,27,Pós-graduação,Sudeste,Branca,1,1,1,Cientista de Dados
Masculino,35,Pós-graduação,Nordeste,Parda,1,0,0,Cientista de Dados
Masculino,38,Pós-graduação,Sul,Branca,1,0,0,Cientista de Dados
Masculino,53,Pós-graduação,Centro-oeste,Branca,0,0,1,Analista de Dados
Feminino,33,Graduação/Bacharelado,Sudeste,Branca,0,0,1,Analista de Dados
Masculino,38,Prefiro não informar,Sudeste,Branca,1,1,1,Cientista de Dados
Masculino,39,Graduação/Bacharelado,Sudeste,Preta,1,1,1,Cientista de Dados
Masculino,39,Mestrado,Sudeste,Branca,1,1,1,Cientista de Dados
Masculino,26,Graduação/Bacharelado,Sudeste,Branca,1,1,1,Cientista de Dados
Masculino,47,Graduação/Bacharelado,Nordeste,Preta,0,0,1,Analista de Dados
Masculino,47,Pós-graduação,Sudeste,Parda,1,1,0,Cientista de Dados
Masculino,29,Mestrado,Sudeste,Branca,1,1,0,Cientista de Dados
Masculino,42,Não tenho graduação formal,Sudeste,Branca,1,1,1,Cientista de Dados
Masculino,37,Doutorado ou Phd,Sudeste,Branca,1,1,0,Cientista de Dados
Masculino,27,Mestrado,Sudeste,Preta,0,1,0,Engenheiro de Dados
Masculino,34,Graduação/Bacharelado,Sudeste,Preta,0,0,1,Analista de Dados
Masculino,30,Graduação/Bacharelado,Sudeste,Amarela,1,1,1,Cientista de Dados
Masculino,31,Mestrado,Sudeste,Branca,1,1,1,Cientista de Dados
Masculino,34,Pós-graduação,Sudeste,Branca,0,0,1,Analista de Dados
Masculino,32,Mestrado,Sudeste,Branca,1,1,0,Cientista de Dados
Masculino,40,Pós-graduação,Sudeste,Branca,0,0,1,Analista de Dados
Masculino,37,Pós-graduação,Sudeste,Parda,0,1,1,Engenheiro de Dados
Feminino,36,Estudante de Graduação,Sudeste,Parda,0,0,1,Analista de Dados
Masculino,43,Graduação/Bacharelado,Sudeste,Parda,1,1,0,Cientista de Dados
Masculino,30,Mestrado,Sudeste,Parda,1,1,1,Cientista de Dados
Feminino,28,Pós-graduação,Sudeste,Branca,0,1,1,Engenheiro de Dados
Masculino,44,Pós-graduação,Sudeste,Branca,1,1,1,Cientista de Dados
Prefiro não informar,38,Mestrado,,Outra,1,1,1,Cientista de Dados
Masculino,25,Graduação/Bacharelado,Sudeste,Preta,1,1,0,Cientista de Dados
Masculino,33,Graduação/Bacharelado,Sudeste,Preta,1,1,1,Cientista de Dados
Masculino,25,Prefiro não informar,Nordeste,Preta,1,1,1,Cientista de Dados
Masculino,44,Pós-graduação,Sudeste,Branca,1,1,1,Cientista de Dados
Masculino,33,Pós-graduação,Centro-oeste,Branca,0,0,1,Analista de Dados
Masculino,37,Pós-graduação,Nordeste,Branca,0,0,1,Analista de Dados
Masculino,26,Pós-graduação,Sul,Branca,0,0,1,Analista de Dados
Masculino,25,Graduação/Bacharelado,Sudeste,Parda,1,1,1,Cientista de Dados
Masculino,35,Graduação/Bacharelado,Sul,Branca,0,1,0,Engenheiro de Dados
Masculino,34,Pós-graduação,Nordeste,Parda,0,1,1,Engenheiro de Dados
Masculino,44,Pós-graduação,Sul,Branca,0,1,1,Engenheiro de Dados
Masculino,46,Pós-graduação,Sudeste,Branca,1,1,1,Cientista de Dados
Masculino,35,Doutorado ou Phd,Sul,Prefiro não informar,1,1,1,Cientista de Dados
Feminino,34,Pós-graduação,Sudeste,Branca,1,1,1,Cientista de Dados
Masculino,22,Pós-graduação,Nordeste,Parda,1,1,0,Cientista de Dados
Masculino,42,Pós-graduação,Sudeste,Branca,1,1,1,Cientista de Dados
Masculino,57,Mestrado,Sudeste,Branca,0,0,1,Analista de Dados
Masculino,31,Graduação/Bacharelado,Sudeste,Branca,0,0,1,Analista de Dados
Masculino,27,Graduação/Bacharelado,Sudeste,Parda,1,1,1,Cientista de Dados
Masculino,28,Pós-graduação,Sudeste,Branca,1,1,1,Cientista de Dados
Masculino,33,Pós-graduação,,Branca,1,0,1,Cientista de Dados
Masculino,33,Pós-graduação,Sudeste,Parda,0,1,1,Engenheiro de Dados
Masculino,36,Mestrado,Sudeste,Branca,1,1,1,Cientista de Dados
Masculino,28,Graduação/Bacharelado,Sudeste,Branca,0,0,1,Analista de Dados
Masculino,42,Mestrado,Sudeste,Preta,1,1,1,Cientista de Dados
Feminino,31,Pós-graduação,Sudeste,Branca,1,1,1,Cientista de Dados
Masculino,31,Pós-graduação,Sul,Branca,1,1,0,Cientista de Dados
Masculino,31,Doutorado ou Phd,Sudeste,Branca,1,1,1,Cientista de Dados
Masculino,30,Pós-graduação,Sudeste,Parda,1,1,1,Cientista de Dados
Masculino,25,Graduação/Bacharelado,Sudeste,Branca,1,1,1,Cientista de Dados
Masculino,33,Pós-graduação,Sudeste,Branca,1,1,1,Cientista de Dados
Masculino,26,Graduação/Bacharelado,Sudeste,Branca,1,1,1,Cientista de Dados
Masculino,34,Pós-graduação,Nordeste,Preta,1,0,1,Cientista de Dados
Feminino,45,Pós-graduação,Sudeste,Branca,1,1,1,Cientista de Dados
Masculino,54,Não tenho graduação formal,Nordeste,Parda,0,0,1,Analista de Dados
Masculino,29,Graduação/Bacharelado,Sudeste,Parda,0,1,1,Engenheiro de Dados
Masculino,28,Graduação/Bacharelado,Nordeste,Parda,1,1,1,Cientista de Dados
Masculino,33,Graduação/Bacharelado,Sudeste,Parda,0,0,1,Analista de Dados
Masculino,30,Graduação/Bacharelado,Sudeste,Parda,1,1,1,Cientista de Dados
Masculino,31,Pós-graduação,Sudeste,Branca,1,1,1,Cientista de Dados
Masculino,34,Mestrado,Sudeste,Branca,1,1,1,Cientista de Dados
Masculino,28,Pós-graduação,Sudeste,Branca,1,1,1,Cientista de Dados
Masculino,37,Pós-graduação,Sul,Branca,1,1,1,Cientista de Dados
Feminino,32,Mestrado,Sudeste,Preta,1,1,1,Cientista de Dados
Masculino,43,Pós-graduação,Sul,Branca,0,0,1,Analista de Dados
Masculino,28,Graduação/Bacharelado,Sudeste,Parda,0,1,1,Engenheiro de Dados
Masculino,52,Graduação/Bacharelado,Sul,Branca,1,0,1,Cientista de Dados
Masculino,40,Pós-graduação,Sudeste,Branca,1,1,1,Cientista de Dados
Masculino,39,Pós-graduação,Sul,Branca,1,1,1,Cientista de Dados
Masculino,40,Pós-graduação,Sul,Branca,1,0,0,Cientista de Dados
Masculino,53,Graduação/Bacharelado,Sudeste,Preta,1,1,1,Cientista de Dados
Masculino,28,Pós-graduação,Sudeste,Parda,1,1,1,Cientista de Dados
Feminino,28,Doutorado ou Phd,Centro-oeste,Branca,1,0,1,Cientista de Dados
Masculino,37,Pós-graduação,Sudeste,Branca,0,1,1,Engenheiro de Dados
Masculino,30,Mestrado,Nordeste,Parda,1,0,1,Cientista de Dados
Masculino,28,Graduação/Bacharelado,Sul,Parda,0,1,1,Engenheiro de Dados
Masculino,29,Pós-graduação,Sudeste,Preta,1,1,1,Cientista de Dados
Masculino,36,Graduação/Bacharelado,Sul,Parda,1,1,0,Cientista de Dados
Masculino,34,Pós-graduação,Sudeste,Branca,0,0,1,Analista de Dados
Masculino,47,Estudante de Graduação,Nordeste,Parda,1,1,1,Cientista de Dados
Masculino,32,Mestrado,Sudeste,Parda,1,1,1,Cientista de Dados
Feminino,29,Graduação/Bacharelado,Sudeste,Branca,1,0,1,Cientista de Dados
Masculino,36,Pós-graduação,,Branca,1,0,1,Cientista de Dados
Masculino,27,Graduação/Bacharelado,Sul,Branca,1,1,0,Cientista de Dados
Feminino,35,Pós-graduação,Sul,Branca,1,1,1,Cientista de Dados
Feminino,40,Pós-graduação,Sudeste,Branca,1,1,1,Cientista de Dados
Feminino,29,Graduação/Bacharelado,Sudeste,Branca,0,1,1,Engenheiro de Dados
Masculino,38,Mestrado,Sudeste,Branca,1,1,1,Cientista de Dados
Masculino,29,Pós-graduação,Centro-oeste,Branca,1,1,0,Cientista de Dados
Masculino,41,Pós-graduação,Sudeste,Branca,1,1,1,Cientista de Dados
Feminino,28,Pós-graduação,Sul,Branca,0,1,1,Engenheiro de Dados
Masculino,40,Pós-graduação,Sudeste,Branca,1,1,1,Cientista de Dados
Masculino,57,Doutorado ou Phd,Sudeste,Branca,0,1,0,Engenheiro de Dados
Masculino,57,Pós-graduação,Sudeste,Parda,1,1,1,Cientista de Dados
Masculino,38,Pós-graduação,Sudeste,Branca,0,1,1,Engenheiro de Dados
Masculino,40,Pós-graduação,Norte,Branca,0,0,1,Analista de Dados
Masculino,34,Pós-graduação,Sul,Branca,0,1,0,Engenheiro de Dados
Masculino,56,Graduação/Bacharelado,Sudeste,Branca,0,0,1,Analista de Dados
Masculino,26,Mestrado,,Branca,1,1,0,Cientista de Dados
Masculino,30,Graduação/Bacharelado,Sudeste,Branca,1,0,0,Cientista de Dados
Masculino,36,Pós-graduação,Nordeste,Branca,0,0,1,Analista de Dados
Masculino,30,Pós-graduação,Sul,Branca,0,1,0,Engenheiro de Dados
Masculino,38,Pós-graduação,Sudeste,Branca,1,1,1,Cientista de Dados
Masculino,46,Doutorado ou Phd,Sudeste,Branca,0,1,0,Engenheiro de Dados
Masculino,37,Pós-graduação,Centro-oeste,Branca,1,1,1,Cientista de Dados
Masculino,42,Pós-graduação,Sudeste,Branca,0,0,1,Analista de Dados
Masculino,34,Pós-graduação,Nordeste,Branca,1,1,1,Cientista de Dados
Feminino,29,Mestrado,Sudeste,Preta,1,1,1,Cientista de Dados
Feminino,42,Mestrado,Sul,Branca,1,1,0,Cientista de Dados
Feminino,40,Pós-graduação,Sudeste,Branca,1,1,1,Cientista de Dados
Feminino,39,Mestrado,Sul,Branca,1,1,1,Cientista de Dados
Masculino,31,Pós-graduação,Nordeste,Parda,1,1,0,Cientista de Dados
Masculino,38,Pós-graduação,Sudeste,Branca,1,1,1,Cientista de Dados
Masculino,42,Pós-graduação,Sudeste,Branca,1,1,1,Cientista de Dados
Masculino,41,Pós-graduação,Sul,Branca,1,1,1,Cientista de Dados
Masculino,52,Pós-graduação,Centro-oeste,Branca,1,1,1,Cientista de Dados
Feminino,33,Mestrado,Sudeste,Branca,1,1,1,Cientista de Dados
Masculino,33,Mestrado,Sudeste,Branca,1,1,1,Cientista de Dados
Masculino,36,Graduação/Bacharelado,Sudeste,Branca,1,0,0,Cientista de Dados
Masculino,30,Graduação/Bacharelado,Sudeste,Parda,0,1,1,Engenheiro de Dados
Masculino,27,Graduação/Bacharelado,Sudeste,Branca,1,1,0,Cientista de Dados
Masculino,31,Graduação/Bacharelado,Sul,Branca,1,1,1,Cientista de Dados
Masculino,52,Pós-graduação,Sudeste,Branca,0,0,1,Analista de Dados
Feminino,55,Mestrado,Sudeste,Branca,1,0,0,Cientista de Dados
Masculino,53,Pós-graduação,Sudeste,Branca,1,1,1,Cientista de Dados
Masculino,31,Pós-graduação,Sudeste,Parda,1,1,1,Cientista de Dados
Feminino,49,Mestrado,Nordeste,Parda,0,0,1,Analista de Dados
Masculino,51,Pós-graduação,Sudeste,Preta,1,1,1,Cientista de Dados
Feminino,27,Mestrado,,Parda,1,1,0,Cientista de Dados
Masculino,41,Pós-graduação,Sudeste,Parda,1,1,1,Cientista de Dados
Masculino,39,Graduação/Bacharelado,Centro-oeste,Parda,1,1,0,Cientista de Dados
Masculino,31,Graduação/Bacharelado,Sudeste,Parda,1,1,1,Cientista de Dados
Masculino,38,Mestrado,Centro-oeste,Branca,0,0,1,Analista de Dados
Masculino,39,Mestrado,Sudeste,Branca,1,1,1,Cientista de Dados
Masculino,48,Doutorado ou Phd,Sul,Branca,1,1,1,Cientista de Dados
Masculino,33,Graduação/Bacharelado,Sudeste,Branca,1,0,1,Cientista de Dados
Feminino,44,Pós-graduação,Sudeste,Branca,1,1,0,Cientista de Dados
Masculino,31,Pós-graduação,Nordeste,Branca,1,1,0,Cientista de Dados
Masculino,41,Graduação/Bacharelado,Nordeste,Parda,0,0,1,Analista de Dados
Masculino,32,Pós-graduação,Sudeste,Parda,0,0,1,Analista de Dados
Masculino,43,Pós-graduação,Sudeste,Branca,1,1,1,Cientista de Dados
Masculino,33,Estudante de Graduação,Sudeste,Branca,1,1,1,Cientista de Dados
Masculino,32,Mestrado,,Branca,1,1,1,Cientista de Dados
Masculino,29,Graduação/Bacharelado,Sul,Outra,0,0,1,Analista de Dados
Masculino,40,Pós-graduação,Sudeste,Branca,1,1,0,Cientista de Dados
Masculino,45,Graduação/Bacharelado,Sudeste,Branca,0,0,1,Analista de Dados
Feminino,28,Graduação/Bacharelado,Sul,Branca,0,0,1,Analista de Dados
Masculino,30,Pós-graduação,Sudeste,Branca,0,1,0,Engenheiro de Dados
Feminino,34,Estudante de Graduação,Sudeste,Branca,1,0,1,Cientista de Dados
Masculino,38,Pós-graduação,Sudeste,Branca,1,1,1,Cientista de Dados
Masculino,31,Pós-graduação,Sudeste,Parda,1,1,1,Cientista de Dados
Masculino,48,Mestrado,Sudeste,Branca,1,0,1,Cientista de Dados
Masculino,30,Pós-graduação,Nordeste,Preta,0,1,0,Engenheiro de Dados
Masculino,55,Pós-graduação,Sudeste,Preta,1,1,0,Cientista de Dados
Masculino,42,Mestrado,Sudeste,Amarela,1,1,0,Cientista de Dados
Masculino,47,Pós-graduação,Sudeste,Branca,0,0,1,Analista de Dados
Feminino,31,Mestrado,Sudeste,Branca,1,1,1,Cientista de Dados
Masculino,38,Pós-graduação,Sudeste,Parda,1,0,0,Cientista de Dados
Feminino,41,Pós-graduação,Sul,Branca,1,1,1,Cientista de Dados
Feminino,53,Mestrado,Sudeste,Branca,1,1,1,Cientista de Dados
Feminino,32,Graduação/Bacharelado,Sudeste,Branca,1,1,1,Cientista de Dados
Masculino,35,Pós-graduação,Sudeste,Branca,1,1,0,Cientista de Dados
Masculino,34,Pós-graduação,Sudeste,Branca,1,1,0,Cientista de Dados
Masculino,34,Pós-graduação,Sudeste,Preta,1,1,1,Cientista de Dados
Feminino,32,Doutorado ou Phd,Sudeste,Branca,1,1,1,Cientista de Dados
Masculino,31,Graduação/Bacharelado,Nordeste,Branca,1,1,0,Cientista de Dados
Masculino,22,Pós-graduação,Sudeste,Branca,0,1,1,Engenheiro de Dados
Masculino,35,Pós-graduação,Sudeste,Parda,0,1,0,Engenheiro de Dados
Masculino,34,Graduação/Bacharelado,Sudeste,Branca,1,0,1,Cientista de Dados
Masculino,41,Graduação/Bacharelado,,Branca,1,0,1,Cientista de Dados
Masculino,25,Graduação/Bacharelado,Sudeste,Preta,1,1,1,Cientista de Dados
Masculino,36,Mestrado,Sul,Amarela,0,0,1,Analista de Dados
Masculino,41,Mestrado,Sul,Branca,1,1,1,Cientista de Dados
Masculino,37,Mestrado,Sul,Branca,1,0,1,Cientista de Dados
Feminino,36,Mestrado,Sudeste,Branca,1,1,1,Cientista de Dados
Masculino,56,Pós-graduação,Sul,Branca,1,0,1,Cientista de Dados
Masculino,45,Pós-graduação,Sudeste,Branca,1,0,0,Cientista de Dados
Masculino,41,Pós-graduação,Sudeste,Amarela,1,1,1,Cientista de Dados
Masculino,30,Mestrado,Sul,Branca,1,1,1,Cientista de Dados
Masculino,29,Pós-graduação,Centro-oeste,Parda,0,1,1,Engenheiro de Dados
Masculino,36,Pós-graduação,Sudeste,Branca,1,1,1,Cientista de Dados
Masculino,30,Pós-graduação,Sul,Branca,0,0,1,Analista de Dados
Masculino,29,Pós-graduação,Sudeste,Branca,1,1,1,Cientista de Dados
Masculino,47,Pós-graduação,Sul,Branca,1,1,1,Cientista de Dados
Masculino,47,Mestrado,Sudeste,Parda,0,1,0,Engenheiro de Dados
Masculino,23,Graduação/Bacharelado,Sudeste,Branca,1,1,0,Cientista de Dados
Masculino,45,Graduação/Bacharelado,Sul,Branca,1,1,1,Cientista de Dados
Masculino,25,Graduação/Bacharelado,Centro-oeste,Branca,0,1,1,Engenheiro de Dados
Masculino,30,Pós-graduação,Sudeste,Branca,1,1,1,Cientista de Dados
Masculino,51,Graduação/Bacharelado,Sudeste,Branca,1,1,1,Cientista de Dados
Masculino,33,Pós-graduação,Sudeste,Branca,1,1,1,Cientista de Dados
Feminino,37,Graduação/Bacharelado,Sul,Parda,0,1,0,Engenheiro de Dados
Masculino,43,Pós-graduação,Sudeste,Branca,1,1,1,Cientista de Dados
Masculino,31,Pós-graduação,Sul,Branca,0,0,1,Analista de Dados
Feminino,40,Graduação/Bacharelado,Sul,Branca,1,1,0,Cientista de Dados
Masculino,51,Graduação/Bacharelado,Sudeste,Branca,0,1,1,Engenheiro de Dados
Masculino,31,Graduação/Bacharelado,Sudeste,Branca,1,1,1,Cientista de Dados
Masculino,42,Graduação/Bacharelado,Sudeste,Preta,1,1,1,Cientista de Dados
Masculino,30,Pós-graduação,Sudeste,Branca,1,0,1,Cientista de Dados
Masculino,30,Pós-graduação,,Branca,1,1,0,Cientista de Dados
Masculino,33,Pós-graduação,Sudeste,Amarela,1,0,1,Cientista de Dados
Masculino,32,Graduação/Bacharelado,Sudeste,Branca,0,0,1,Analista de Dados
Masculino,43,Pós-graduação,Sul,Parda,1,1,0,Cientista de Dados
Masculino,34,Pós-graduação,Centro-oeste,Branca,1,1,1,Cientista de Dados
Masculino,26,Mestrado,Sudeste,Branca,1,0,0,Cientista de Dados
Feminino,30,Mestrado,Sudeste,Branca,1,1,1,Cientista de Dados
Masculino,34,Mestrado,Sudeste,Branca,1,1,1,Cientista de Dados
Masculino,35,Graduação/Bacharelado,Sudeste,Outra,1,1,1,Cientista de Dados
Masculino,28,Graduação/Bacharelado,Sudeste,Branca,1,1,1,Cientista de Dados
Masculino,47,Não tenho graduação formal,Sudeste,Branca,0,1,1,Engenheiro de Dados
Feminino,36,Pós-graduação,Sudeste,Branca,1,1,1,Cientista de Dados
Feminino,43,Pós-graduação,Sudeste,Preta,0,1,1,Engenheiro de Dados
Masculino,41,Pós-graduação,Sudeste,Preta,0,0,1,Analista de Dados
Masculino,37,Pós-graduação,Sudeste,Branca,1,1,0,Cientista de Dados
Masculino,27,Graduação/Bacharelado,Sudeste,Branca,1,1,1,Cientista de Dados
Feminino,32,Mestrado,Sudeste,Branca,0,1,0,Engenheiro de Dados
Feminino,64,Graduação/Bacharelado,Sul,Branca,0,0,1,Analista de Dados
Masculino,53,Pós-graduação,Centro-oeste,Parda,0,0,1,Analista de Dados
Masculino,29,Mestrado,Nordeste,Branca,0,0,1,Analista de Dados
Masculino,32,Pós-graduação,Centro-oeste,Branca,1,0,1,Cientista de Dados
Feminino,43,Pós-graduação,Sudeste,Branca,1,1,1,Cientista de Dados
Masculino,32,Pós-graduação,Sudeste,Branca,0,0,1,Analista de Dados
Feminino,38,Pós-graduação,Nordeste,Amarela,0,0,1,Analista de Dados
Masculino,26,Graduação/Bacharelado,Sudeste,Branca,1,1,0,Cientista de Dados
Feminino,23,Estudante de Graduação,Sudeste,Branca,0,0,1,Analista de Dados
Masculino,36,Pós-graduação,Sul,Branca,1,1,1,Cientista de Dados
Masculino,27,Graduação/Bacharelado,Sudeste,Branca,1,1,1,Cientista de Dados
Masculino,39,Pós-graduação,Sudeste,Branca,0,0,1,Analista de Dados
Masculino,40,Não tenho graduação formal,Sul,Branca,0,1,1,Engenheiro de Dados
Feminino,44,Mestrado,Sudeste,Branca,1,1,1,Cientista de Dados
Masculino,30,Mestrado,Sudeste,Branca,1,1,1,Cientista de Dados
Masculino,33,Graduação/Bacharelado,Sudeste,Branca,0,1,0,Engenheiro de Dados
Masculino,32,Doutorado ou Phd,Nordeste,Parda,1,1,1,Cientista de Dados
Masculino,26,Pós-graduação,Sudeste,Branca,1,0,1,Cientista de Dados
Feminino,30,Pós-graduação,Sudeste,Branca,0,1,1,Engenheiro de Dados
Masculino,26,Graduação/Bacharelado,Sudeste,Branca,1,1,1,Cientista de Dados
Masculino,33,Mestrado,Sudeste,Branca,0,0,1,Analista de Dados
Masculino,37,Graduação/Bacharelado,Sudeste,Branca,1,0,1,Cientista de Dados
Masculino,39,Pós-graduação,Sul,Branca,1,1,1,Cientista de Dados
Feminino,47,Pós-graduação,Nordeste,Branca,0,0,1,Analista de Dados
Masculino,36,Graduação/Bacharelado,Sul,Branca,1,1,1,Cientista de Dados
Masculino,36,Pós-graduação,Sudeste,Branca,1,1,1,Cientista de Dados
Masculino,29,Pós-graduação,Norte,Parda,0,1,0,Engenheiro de Dados
Masculino,33,Pós-graduação,Sudeste,Branca,1,1,1,Cientista de Dados
Masculino,49,Pós-graduação,Sudeste,Amarela,1,1,1,Cientista de Dados
Masculino,35,Mestrado,Sudeste,Branca,1,1,0,Cientista de Dados
Masculino,43,Mestrado,Sudeste,Branca,1,1,1,Cientista de Dados
Masculino,40,Pós-graduação,Sudeste,Branca,1,1,1,Cientista de Dados
Masculino,37,Mestrado,Sudeste,Branca,1,1,1,Cientista de Dados
Feminino,45,Pós-graduação,Sudeste,Branca,1,1,1,Cientista de Dados
Masculino,30,Pós-graduação,Sudeste,Branca,0,0,1,Analista de Dados
Masculino,31,Pós-graduação,Centro-oeste,Branca,1,1,1,Cientista de Dados
Masculino,26,Pós-graduação,Sul,Branca,1,1,1,Cientista de Dados
Masculino,42,Pós-graduação,Sudeste,Branca,1,1,0,Cientista de Dados
Masculino,37,Mestrado,Sudeste,Branca,1,1,1,Cientista de Dados
Masculino,27,Estudante de Graduação,Nordeste,Parda,0,0,1,Analista de Dados
Masculino,39,Pós-graduação,Centro-oeste,Branca,1,1,0,Cientista de Dados
Masculino,35,Pós-graduação,Sudeste,Parda,1,1,1,Cientista de Dados
Masculino,45,Pós-graduação,Sudeste,Branca,1,1,0,Cientista de Dados
Feminino,30,Graduação/Bacharelado,Sudeste,Preta,0,1,1,Engenheiro de Dados
Masculino,37,Graduação/Bacharelado,Nordeste,Branca,0,0,1,Analista de Dados
Masculino,39,Pós-graduação,Sudeste,Branca,0,1,1,Engenheiro de Dados
Masculino,32,Mestrado,Centro-oeste,Parda,0,0,1,Analista de Dados
Masculino,37,Pós-graduação,Sul,Branca,1,0,0,Cientista de Dados
Masculino,38,Pós-graduação,Sudeste,Parda,1,1,1,Cientista de Dados
Masculino,33,Mestrado,Nordeste,Branca,1,0,0,Cientista de Dados
Masculino,42,Pós-graduação,Sudeste,Branca,1,1,0,Cientista de Dados
Masculino,31,Graduação/Bacharelado,Sul,Branca,1,1,1,Cientista de Dados
Masculino,64,Pós-graduação,Sudeste,Branca,1,1,1,Cientista de Dados
Masculino,23,Graduação/Bacharelado,Centro-oeste,Branca,0,1,1,Engenheiro de Dados
Masculino,40,Graduação/Bacharelado,Sul,Amarela,0,1,1,Engenheiro de Dados
Feminino,32,Mestrado,Sudeste,Parda,0,1,1,Engenheiro de Dados
Masculino,31,Graduação/Bacharelado,Sudeste,Branca,0,0,1,Analista de Dados
Masculino,28,Graduação/Bacharelado,Sudeste,Branca,1,1,1,Cientista de Dados
Masculino,51,Pós-graduação,Centro-oeste,Branca,1,0,1,Cientista de Dados
Masculino,39,Graduação/Bacharelado,Sudeste,Branca,1,1,1,Cientista de Dados
Masculino,27,Graduação/Bacharelado,Sudeste,Preta,1,0,0,Cientista de Dados
Masculino,38,Pós-graduação,Sudeste,Branca,1,1,1,Cientista de Dados
Masculino,43,Pós-graduação,Sul,Branca,1,0,1,Cientista de Dados
Masculino,35,Pós-graduação,Sudeste,Preta,0,0,1,Analista de Dados
Masculino,28,Graduação/Bacharelado,Sudeste,Parda,0,1,1,Engenheiro de Dados
Masculino,35,Pós-graduação,Centro-oeste,Branca,1,1,1,Cientista de Dados
Masculino,32,Graduação/Bacharelado,Sudeste,Branca,0,1,0,Engenheiro de Dados
Masculino,30,Graduação/Bacharelado,Sudeste,Branca,1,1,1,Cientista de Dados
Masculino,31,Pós-graduação,Sul,Preta,1,1,1,Cientista de Dados
Masculino,35,Graduação/Bacharelado,Sudeste,Branca,1,1,1,Cientista de Dados
Masculino,24,Graduação/Bacharelado,Sudeste,Branca,1,0,1,Cientista de Dados
Masculino,53,Pós-graduação,Sudeste,Branca,1,1,0,Cientista de Dados
Masculino,32,Graduação/Bacharelado,Sudeste,Branca,1,1,0,Cientista de Dados
Masculino,31,Mestrado,Sul,Branca,1,1,1,Cientista de Dados
Masculino,34,Graduação/Bacharelado,Sul,Parda,1,1,1,Cientista de Dados
Masculino,34,Pós-graduação,Sudeste,Branca,1,1,1,Cientista de Dados
Masculino,35,Graduação/Bacharelado,Sudeste,Branca,0,1,0,Engenheiro de Dados
Masculino,27,Pós-graduação,Sudeste,Branca,1,1,1,Cientista de Dados
Masculino,37,Graduação/Bacharelado,Sudeste,Branca,1,0,0,Cientista de Dados
Masculino,32,Graduação/Bacharelado,Sudeste,Branca,0,0,1,Analista de Dados
Masculino,32,Doutorado ou Phd,Sudeste,Branca,1,1,0,Cientista de Dados
Masculino,33,Pós-graduação,Nordeste,Parda,1,1,1,Cientista de Dados
Masculino,46,Pós-graduação,Sudeste,Branca,0,1,1,Engenheiro de Dados
Masculino,27,Pós-graduação,Sudeste,Parda,1,1,1,Cientista de Dados
Masculino,30,Mestrado,Sudeste,Branca,1,1,1,Cientista de Dados
Masculino,41,Doutorado ou Phd,Sudeste,Parda,1,1,0,Cientista de Dados
Masculino,32,Pós-graduação,Sudeste,Indígena,0,1,0,Engenheiro de Dados
Masculino,47,Doutorado ou Phd,,Branca,0,0,1,Analista de Dados
Masculino,38,Graduação/Bacharelado,Sul,Outra,0,1,0,Engenheiro de Dados
Feminino,36,Doutorado ou Phd,Sudeste,Branca,0,1,1,Engenheiro de Dados
Masculino,52,Pós-graduação,Centro-oeste,Branca,1,1,0,Cientista de Dados
Masculino,35,Doutorado ou Phd,Sudeste,Branca,0,1,1,Engenheiro de Dados
Masculino,47,Graduação/Bacharelado,Sudeste,Branca,1,1,1,Cientista de Dados
Masculino,34,Graduação/Bacharelado,,Branca,1,1,1,Cientista de Dados
Feminino,33,Mestrado,Sudeste,Preta,1,0,1,Cientista de Dados
Masculino,33,Mestrado,Sudeste,Branca,0,0,1,Analista de Dados
Masculino,29,Mestrado,Sudeste,Branca,1,1,0,Cientista de Dados
Masculino,51,Pós-graduação,Sudeste,Branca,1,0,1,Cientista de Dados
Feminino,32,Graduação/Bacharelado,Sudeste,Branca,1,1,0,Cientista de Dados
Masculino,33,Estudante de Graduação,Sul,Branca,0,1,1,Engenheiro de Dados
Masculino,33,Doutorado ou Phd,Sudeste,Parda,1,1,0,Cientista de Dados
Masculino,32,Graduação/Bacharelado,Sudeste,Branca,1,1,0,Cientista de Dados
Masculino,41,Pós-graduação,Sudeste,Parda,1,1,1,Cientista de Dados
Masculino,39,Estudante de Graduação,Sul,Parda,1,1,0,Cientista de Dados
Masculino,37,Doutorado ou Phd,Sudeste,Branca,1,1,1,Cientista de Dados
Masculino,39,Mestrado,Sudeste,Branca,1,1,1,Cientista de Dados
Masculino,28,Pós-graduação,Sudeste,Branca,1,1,1,Cientista de Dados
Masculino,50,Graduação/Bacharelado,Nordeste,Parda,1,1,0,Cientista de Dados
Masculino,36,Pós-graduação,Sudeste,Branca,1,1,1,Cientista de Dados
Masculino,27,Graduação/Bacharelado,Sudeste,Branca,0,0,1,Analista de Dados
Feminino,36,Pós-graduação,Sudeste,Parda,0,1,1,Engenheiro de Dados
Masculino,46,Mestrado,Sudeste,Branca,1,1,1,Cientista de Dados
Masculino,27,Não tenho graduação formal,Sudeste,Branca,0,0,1,Analista de Dados
Masculino,31,Mestrado,Sudeste,Parda,0,1,0,Engenheiro de Dados
Masculino,35,Pós-graduação,Sudeste,Branca,1,1,1,Cientista de Dados
Masculino,28,Estudante de Graduação,Nordeste,Preta,1,0,0,Cientista de Dados
Feminino,29,Pós-graduação,Sudeste,Branca,0,0,1,Analista de Dados
Masculino,31,Graduação/Bacharelado,Sudeste,Branca,1,1,1,Cientista de Dados
Masculino,30,Pós-graduação,Sudeste,Parda,0,0,1,Analista de Dados
Feminino,39,Mestrado,Sudeste,Branca,1,1,1,Cientista de Dados
Masculino,39,Mestrado,Sudeste,Parda,1,0,0,Cientista de Dados
Masculino,34,Pós-graduação,Nordeste,Branca,1,1,1,Cientista de Dados
Masculino,41,Pós-graduação,Sudeste,Branca,1,1,1,Cientista de Dados
Masculino,33,Estudante de Graduação,Sudeste,Branca,0,0,1,Analista de Dados
Masculino,51,Pós-graduação,Sudeste,Branca,0,1,0,Engenheiro de Dados
Masculino,29,Estudante de Graduação,Sudeste,Preta,0,0,1,Analista de Dados
Masculino,33,Pós-graduação,Sul,Branca,1,1,1,Cientista de Dados
Masculino,53,Pós-graduação,Sudeste,Branca,1,1,1,Cientista de Dados
Masculino,27,Graduação/Bacharelado,Sudeste,Branca,0,1,1,Engenheiro de Dados
Masculino,40,Doutorado ou Phd,Sul,Branca,1,1,0,Cientista de Dados
Feminino,31,Pós-graduação,Sudeste,Branca,0,1,1,Engenheiro de Dados
Masculino,38,Pós-graduação,Sudeste,Parda,1,1,1,Cientista de Dados
Masculino,34,Mestrado,,Branca,1,1,0,Cientista de Dados
Masculino,44,Mestrado,,Branca,1,1,0,Cientista de Dados
Masculino,45,Pós-graduação,Sudeste,Branca,1,1,1,Cientista de Dados
Masculino,30,Mestrado,Sul,Branca,0,1,0,Engenheiro de Dados
Masculino,29,Pós-graduação,Sudeste,Branca,1,0,0,Cientista de Dados
Masculino,30,Mestrado,Sudeste,Branca,1,1,1,Cientista de Dados
Masculino,33,Pós-graduação,Sudeste,Branca,0,0,1,Analista de Dados
Masculino,49,Doutorado ou Phd,Sudeste,Branca,1,0,0,Cientista de Dados
Masculino,43,Pós-graduação,Centro-oeste,Branca,0,0,1,Analista de Dados
Masculino,38,Graduação/Bacharelado,Sul,Branca,1,1,1,Cientista de Dados
Masculino,42,Pós-graduação,Sudeste,Branca,1,1,1,Cientista de Dados
Masculino,41,Pós-graduação,Sul,Branca,1,1,1,Cientista de Dados
Masculino,32,Pós-graduação,Centro-oeste,Branca,1,1,1,Cientista de Dados
Masculino,43,Mestrado,Centro-oeste,Branca,1,1,1,Cientista de Dados
Masculino,32,Mestrado,Centro-oeste,Branca,1,1,1,Cientista de Dados
Masculino,41,Mestrado,Sudeste,Branca,1,1,0,Cientista de Dados
Masculino,25,Pós-graduação,,Branca,1,1,1,Cientista de Dados
Masculino,36,Pós-graduação,Sudeste,Branca,1,1,1,Cientista de Dados
Masculino,34,Mestrado,Sudeste,Branca,1,0,1,Cientista de Dados
Feminino,42,Pós-graduação,Sul,Branca,0,0,1,Analista de Dados
Masculino,32,Doutorado ou Phd,Sudeste,Branca,1,1,1,Cientista de Dados
Masculino,28,Graduação/Bacharelado,Sudeste,Branca,1,0,0,Cientista de Dados
Masculino,46,Pós-graduação,Centro-oeste,Parda,1,0,1,Cientista de Dados
Feminino,35,Pós-graduação,Sul,Branca,1,1,1,Cientista de Dados
Masculino,41,Pós-graduação,Sudeste,Parda,1,1,1,Cientista de Dados
Feminino,25,Pós-graduação,Sudeste,Branca,0,0,1,Analista de Dados
Masculino,42,Pós-graduação,Sudeste,Parda,1,1,1,Cientista de Dados
Feminino,34,Doutorado ou Phd,Sudeste,Parda,1,1,0,Cientista de Dados
Feminino,40,Doutorado ou Phd,Sudeste,Branca,1,1,1,Cientista de Dados
Masculino,36,Graduação/Bacharelado,Sudeste,Branca,0,1,1,Engenheiro de Dados
Masculino,30,Pós-graduação,Norte,Branca,0,0,1,Analista de Dados
Masculino,36,Pós-graduação,Sudeste,Branca,0,0,1,Analista de Dados
Feminino,48,Mestrado,Nordeste,Branca,0,1,0,Engenheiro de Dados
Masculino,39,Pós-graduação,Centro-oeste,Parda,1,1,1,Cientista de Dados
Masculino,29,Mestrado,Sudeste,Parda,1,1,0,Cientista de Dados
Masculino,38,Pós-graduação,Sudeste,Branca,1,1,1,Cientista de Dados
Masculino,23,Graduação/Bacharelado,Nordeste,Parda,0,1,1,Engenheiro de Dados
Masculino,30,Mestrado,Sul,Branca,0,1,0,Engenheiro de Dados
Masculino,35,Pós-graduação,Sudeste,Parda,1,1,1,Cientista de Dados
Masculino,45,Pós-graduação,Sudeste,Preta,1,1,1,Cientista de Dados
Masculino,31,Graduação/Bacharelado,Sudeste,Branca,0,0,1,Analista de Dados
Masculino,43,Doutorado ou Phd,Sudeste,Branca,1,0,1,Cientista de Dados
Masculino,48,Pós-graduação,Sudeste,Parda,0,1,0,Engenheiro de Dados
Feminino,29,Mestrado,Sudeste,Branca,0,0,1,Analista de Dados
Masculino,29,Mestrado,Sudeste,Branca,0,0,1,Analista de Dados
Masculino,35,Pós-graduação,Sudeste,Branca,1,1,0,Cientista de Dados
Masculino,35,Estudante de Graduação,Sudeste,Branca,0,1,1,Engenheiro de Dados
Masculino,37,Pós-graduação,Sul,Branca,1,1,1,Cientista de Dados
Masculino,29,Pós-graduação,Sudeste,Branca,0,0,1,Analista de Dados
Masculino,32,Pós-graduação,Sudeste,Preta,1,1,0,Cientista de Dados
Masculino,35,Pós-graduação,Sul,Preta,0,1,1,Engenheiro de Dados
Masculino,30,Mestrado,Sudeste,Branca,1,0,1,Cientista de Dados
Masculino,40,Mestrado,Sudeste,Parda,1,1,0,Cientista de Dados
Masculino,26,Graduação/Bacharelado,Sudeste,Branca,1,1,1,Cientista de Dados
Masculino,38,Pós-graduação,Sul,Branca,1,1,0,Cientista de Dados
Masculino,32,Pós-graduação,Sudeste,Branca,1,1,0,Cientista de Dados
Feminino,26,Pós-graduação,Sudeste,Branca,0,0,1,Analista de Dados
Masculino,40,Pós-graduação,Sudeste,Branca,1,1,0,Cientista de Dados
Feminino,27,Pós-graduação,Centro-oeste,Preta,0,1,1,Engenheiro de Dados
Masculino,51,Pós-graduação,Sul,Amarela,1,0,0,Cientista de Dados
Masculino,42,Pós-graduação,Sudeste,Amarela,1,1,1,Cientista de Dados
Feminino,32,Pós-graduação,Sul,Branca,1,1,0,Cientista de Dados
Masculino,31,Não tenho graduação formal,Sudeste,Parda,1,0,0,Cientista de Dados
Feminino,29,Pós-graduação,Sudeste,Branca,1,1,1,Cientista de Dados
Masculino,46,Pós-graduação,Sudeste,Parda,0,1,1,Engenheiro de Dados
Masculino,30,Graduação/Bacharelado,Sudeste,Branca,1,1,1,Cientista de Dados
Masculino,39,Pós-graduação,Nordeste,Branca,0,0,1,Analista de Dados
Feminino,43,Pós-graduação,Sul,Branca,1,1,0,Cientista de Dados
Masculino,32,Mestrado,Nordeste,Branca,1,1,1,Cientista de Dados
Masculino,33,Graduação/Bacharelado,Sudeste,Parda,1,1,1,Cientista de Dados
Masculino,51,Pós-graduação,Sudeste,Branca,1,1,1,Cientista de Dados
Feminino,34,Pós-graduação,Sudeste,Branca,1,0,0,Cientista de Dados
Feminino,34,Mestrado,Sul,Branca,0,0,1,Analista de Dados
Masculino,39,Pós-graduação,Sudeste,Branca,1,0,0,Cientista de Dados
Masculino,44,Pós-graduação,Sudeste,Branca,1,1,1,Cientista de Dados
Masculino,26,Mestrado,Norte,Branca,1,1,1,Cientista de Dados
Masculino,37,Mestrado,Sul,Branca,1,1,1,Cientista de Dados
Masculino,31,Graduação/Bacharelado,Sudeste,Branca,1,1,1,Cientista de Dados
Masculino,36,Pós-graduação,Sudeste,Branca,1,1,1,Cientista de Dados
Masculino,40,Mestrado,Sudeste,Branca,1,1,1,Cientista de Dados
Masculino,36,Pós-graduação,Sul,Parda,0,1,1,Engenheiro de Dados
Masculino,49,Mestrado,Sudeste,Branca,1,1,1,Cientista de Dados
Masculino,46,Doutorado ou Phd,,Branca,1,0,1,Cientista de Dados
Masculino,28,Graduação/Bacharelado,Sudeste,Parda,0,1,1,Engenheiro de Dados
Feminino,36,Pós-graduação,Sudeste,Branca,1,1,1,Cientista de Dados
Masculino,33,Graduação/Bacharelado,Sudeste,Branca,1,1,1,Cientista de Dados
Masculino,37,Pós-graduação,Sudeste,Branca,1,1,1,Cientista de Dados
Masculino,51,Pós-graduação,Sudeste,Branca,1,0,0,Cientista de Dados
Masculino,35,Pós-graduação,Sul,Parda,1,0,0,Cientista de Dados
Feminino,44,Graduação/Bacharelado,Sudeste,Branca,1,1,1,Cientista de Dados
Masculino,33,Doutorado ou Phd,Sul,Branca,1,1,1,Cientista de Dados
Masculino,40,Doutorado ou Phd,Sudeste,Branca,1,1,1,Cientista de Dados
Masculino,24,Graduação/Bacharelado,Sul,Parda,0,1,1,Engenheiro de Dados
Feminino,25,Graduação/Bacharelado,Sudeste,Branca,1,0,0,Cientista de Dados
Masculino,28,Graduação/Bacharelado,Sudeste,Branca,0,1,1,Engenheiro de Dados
Masculino,29,Não tenho graduação formal,Sudeste,Preta,1,0,0,Cientista de Dados
Feminino,45,Pós-graduação,Nordeste,Parda,1,1,1,Cientista de Dados
Feminino,33,Doutorado ou Phd,Sudeste,Branca,1,1,0,Cientista de Dados
Masculino,43,Pós-graduação,Sudeste,Branca,0,0,1,Analista de Dados
Masculino,32,Mestrado,Sudeste,Branca,1,1,1,Cientista de Dados
Masculino,36,Mestrado,Sudeste,Parda,1,1,0,Cientista de Dados
Masculino,28,Pós-graduação,Nordeste,Parda,1,1,1,Cientista de Dados
Masculino,27,Estudante de Graduação,Sul,Branca,1,1,1,Cientista de Dados
Masculino,43,Pós-graduação,Centro-oeste,Parda,1,0,1,Cientista de Dados
Masculino,41,Mestrado,Sul,Branca,1,1,1,Cientista de Dados
Feminino,31,Graduação/Bacharelado,Sudeste,Amarela,1,1,1,Cientista de Dados
Masculino,34,Não tenho graduação formal,Sudeste,Branca,1,1,1,Cientista de Dados
Feminino,33,Pós-graduação,Sudeste,Branca,0,1,0,Engenheiro de Dados
Masculino,32,Doutorado ou Phd,Sudeste,Branca,0,1,0,Engenheiro de Dados
Masculino,44,Pós-graduação,Sudeste,Branca,1,1,0,Cientista de Dados
Feminino,30,Estudante de Graduação,Sudeste,Amarela,0,0,1,Analista de Dados
Masculino,28,Pós-graduação,Sudeste,Branca,0,1,0,Engenheiro de Dados
Feminino,37,Pós-graduação,Centro-oeste,Parda,1,0,1,Cientista de Dados
Masculino,31,Mestrado,Sudeste,Branca,1,1,1,Cientista de Dados
Feminino,50,Mestrado,Sudeste,Branca,1,1,1,Cientista de Dados
Masculino,30,Mestrado,Sul,Branca,1,1,0,Cientista de Dados
Masculino,30,Pós-graduação,Sudeste,Branca,1,1,1,Cientista de Dados
Masculino,42,Pós-graduação,Sul,Branca,0,0,1,Analista de Dados
Masculino,42,Graduação/Bacharelado,Sudeste,Parda,1,1,1,Cientista de Dados
Masculino,40,Mestrado,Sul,Branca,1,1,1,Cientista de Dados
Masculino,33,Pós-graduação,Sudeste,Preta,1,1,1,Cientista de Dados
Masculino,31,Pós-graduação,Sudeste,Branca,0,0,1,Analista de Dados
Masculino,32,Pós-graduação,Sudeste,Branca,1,1,1,Cientista de Dados
Masculino,38,Pós-graduação,Sudeste,Parda,1,1,0,Cientista de Dados
Masculino,31,Pós-graduação,,Branca,1,0,0,Cientista de Dados
Masculino,38,Pós-graduação,Sudeste,Branca,1,1,1,Cientista de Dados
Masculino,27,Graduação/Bacharelado,Sudeste,Branca,1,1,1,Cientista de Dados
Masculino,38,Graduação/Bacharelado,Nordeste,Branca,0,0,1,Analista de Dados
Masculino,37,Pós-graduação,Sudeste,Branca,1,0,1,Cientista de Dados
Masculino,42,Pós-graduação,Centro-oeste,Branca,0,0,1,Analista de Dados
Masculino,32,Pós-graduação,Sudeste,Branca,1,1,0,Cientista de Dados
Masculino,32,Graduação/Bacharelado,Sudeste,Branca,0,0,1,Analista de Dados
Feminino,42,Mestrado,Sudeste,Branca,1,0,1,Cientista de Dados
Masculino,53,Doutorado ou Phd,Centro-oeste,Parda,1,0,1,Cientista de Dados
Masculino,43,Mestrado,Centro-oeste,Prefiro não informar,0,1,0,Engenheiro de Dados
Feminino,31,Estudante de Graduação,Nordeste,Branca,0,0,1,Analista de Dados
Masculino,33,Pós-graduação,Sudeste,Branca,1,1,1,Cientista de Dados
Feminino,37,Mestrado,Sul,Branca,0,1,0,Engenheiro de Dados
Masculino,32,Pós-graduação,Sul,Branca,1,1,0,Cientista de Dados
Masculino,47,Mestrado,,Branca,1,1,1,Cientista de Dados
Masculino,45,Pós-graduação,Norte,Branca,0,0,1,Analista de Dados
Masculino,35,Graduação/Bacharelado,Sudeste,Branca,0,1,1,Engenheiro de Dados
Feminino,34,Mestrado,Sudeste,Branca,1,1,1,Cientista de Dados
Masculino,34,Pós-graduação,Sudeste,Preta,1,1,1,Cientista de Dados
